{"file_name":"TestNet","learn_rate":2,"learn_rate_decay":0.0001,"input_size":2,"output_size":4,"cost_interface":"","layer_types":["DenseLayer","DenseLayer"],"layer_activations":["relu","relu"],"layer_biases":[[0,0,0,0],[0,0]],"layer_weights":[[0.48963187593847257,0.9575781312090526,-0.6659177034517625,0.028763381892731532,0.05836522356475293,-0.1560904417984572,-0.510256633369754,0.43574118781524795],[0.062303120662289935,0.331123611266408,-0.911767960162928,0.596651848412405,-0.27617536021923716,-0.3299766961351316,0.12595702730698122,-0.1836090843835383]],"layer_sizes":[[4],[2]]}
